ts,kama_L,ceo_L,ceo_S,TXF_abs,TXF_caa
2026-03-05 00:00:00,0.0,0.0,0.0,33939,33944
2026-03-05 00:30:00,0.0,0.0,0.0,33857,33862
2026-03-05 01:00:00,0.0,0.0,0.0,33925,33930
2026-03-05 01:30:00,0.0,0.0,0.0,33915,33920
2026-03-05 02:00:00,0.0,0.0,0.0,33987,33991
2026-03-05 02:30:00,0.0,0.0,0.0,33975,33979
2026-03-05 03:00:00,-2.0,0.0,0.0,34003,34007
2026-03-05 03:30:00,-5.0,0.0,0.0,33998,34002
2026-03-05 04:00:00,73.0,0.0,0.0,34071,34075
2026-03-05 04:30:00,-59.0,0.0,0.0,34012,34016
2026-03-05 05:00:00,-27.0,0.0,0.0,33985,33989
2026-03-05 09:00:00,269.0,0.0,0.0,34256,34258
2026-03-05 09:30:00,119.0,0.0,0.0,34375,34377
2026-03-05 10:00:00,-403.0,0.0,0.0,33969,33974
2026-03-05 10:30:00,-225.0,0.0,0.0,33743,33749
2026-03-05 11:00:00,280.0,0.0,0.0,34025,34029
2026-03-05 11:30:00,-93.0,0.0,0.0,33933,33938
2026-03-05 12:00:00,0.0,0.0,0.0,33767,33773
2026-03-05 12:30:00,0.0,0.0,0.0,33899,33904
2026-03-05 13:00:00,0.0,0.0,0.0,34004,34008
2026-03-05 13:30:00,0.0,0.0,0.0,33903,33908
2026-03-05 14:00:00,0.0,0.0,-2.0,33888,33893
2026-03-05 15:30:00,0.0,0.0,26.0,33862,33867
2026-03-05 16:00:00,0.0,0.0,94.0,33767,33773
2026-03-05 16:30:00,0.0,0.0,401.0,33363,33372
2026-03-05 17:00:00,0.0,0.0,-230.0,33595,33602
2026-03-05 17:30:00,0.0,0.0,-225.0,33821,33827
2026-03-05 18:00:00,0.0,0.0,-47.0,33869,33874
2026-03-05 18:30:00,0.0,0.0,-37.0,33906,33911
2026-03-05 19:00:00,-2.0,0.0,53.0,33853,33858
2026-03-05 19:30:00,40.0,0.0,-40.0,33893,33898
2026-03-05 20:00:00,-54.0,0.0,54.0,33839,33844
2026-03-05 20:30:00,26.0,0.0,-26.0,33865,33870
2026-03-05 21:00:00,-166.0,0.0,166.0,33697,33704
2026-03-05 21:30:00,33.0,0.0,-33.0,33731,33737
2026-03-05 22:00:00,-173.0,0.0,171.0,33558,33566
2026-03-05 22:30:00,0.0,0.0,-17.0,33576,33583
2026-03-05 23:00:00,0.0,0.0,-305.0,33883,33888
2026-03-05 23:30:00,0.0,0.0,362.0,33518,33526
2026-03-06 00:00:00,0.0,0.0,-20.0,33538,33546
2026-03-06 00:30:00,0.0,0.0,188.0,33349,33358
2026-03-06 01:00:00,0.0,0.0,-151.0,33501,33509
2026-03-06 01:30:00,0.0,0.0,130.0,33370,33379
2026-03-06 02:00:00,0.0,0.0,165.0,33204,33214
2026-03-06 02:30:00,0.0,0.0,101.0,33102,33113
2026-03-06 03:00:00,0.0,0.0,-163.0,33266,33276
2026-03-06 03:30:00,0.0,0.0,-30.0,33297,33306
2026-03-06 04:00:00,0.0,0.0,49.0,33247,33257
2026-03-06 04:30:00,0.0,0.0,-144.0,33392,33401
2026-03-06 05:00:00,0.0,0.0,-141.0,33534,33542
2026-03-06 09:00:00,0.0,0.0,-114.0,33649,33656
2026-03-06 09:30:00,-2.0,0.0,-18.0,33667,33674
2026-03-06 10:00:00,190.0,-2.0,-192.0,33859,33864
2026-03-06 10:30:00,260.0,260.0,0.0,34121,34124
2026-03-06 11:00:00,-284.0,-284.0,0.0,33834,33840
2026-03-06 11:30:00,-45.0,-45.0,0.0,33789,33795
2026-03-06 12:00:00,149.0,149.0,0.0,33939,33944
2026-03-06 12:30:00,-117.0,-117.0,0.0,33821,33827
2026-03-06 13:00:00,74.0,74.0,0.0,33896,33901
2026-03-06 13:30:00,28.0,28.0,0.0,33924,33929
2026-03-06 14:00:00,29.0,29.0,0.0,33953,33958
2026-03-06 15:30:00,36.0,36.0,0.0,33990,33994
2026-03-06 16:00:00,-6.0,-6.0,0.0,33984,33988
2026-03-06 16:30:00,-147.0,-147.0,0.0,33835,33841
2026-03-06 17:00:00,77.0,77.0,0.0,33913,33918
2026-03-06 17:30:00,-250.0,-248.0,0.0,33663,33670
2026-03-06 18:00:00,0.0,-36.0,0.0,33627,33634
2026-03-06 18:30:00,0.0,9.0,0.0,33636,33643
2026-03-06 19:00:00,0.0,-2.0,0.0,33634,33641
2026-03-06 19:30:00,0.0,-102.0,-2.0,33533,33541
2026-03-06 20:00:00,0.0,0.0,175.0,33357,33366
2026-03-06 20:30:00,0.0,0.0,3.0,33354,33363
2026-03-06 21:00:00,0.0,0.0,52.0,33302,33311
2026-03-06 21:30:00,0.0,0.0,-59.0,33361,33370
2026-03-06 22:00:00,0.0,0.0,325.0,33034,33045
2026-03-06 22:30:00,0.0,0.0,-42.0,33076,33087
2026-03-06 23:00:00,0.0,0.0,127.0,32948,32960
2026-03-06 23:30:00,0.0,0.0,-257.0,33207,33217
2026-03-07 00:00:00,0.0,0.0,72.0,33134,33145
2026-03-07 00:30:00,0.0,0.0,39.0,33095,33106
2026-03-07 01:00:00,0.0,0.0,-80.0,33176,33186
2026-03-07 01:30:00,0.0,0.0,56.0,33119,33130
2026-03-07 02:00:00,0.0,0.0,97.0,33021,33033
2026-03-07 02:30:00,0.0,0.0,-152.0,33175,33185
2026-03-07 03:00:00,0.0,0.0,35.0,33139,33150
2026-03-07 03:30:00,0.0,0.0,-35.0,33175,33185
2026-03-07 04:00:00,0.0,0.0,27.0,33147,33158
2026-03-07 04:30:00,0.0,0.0,244.0,32902,32914
2026-03-07 05:00:00,0.0,0.0,-13.0,32915,32927
2026-03-09 09:00:00,0.0,0.0,1197.0,31709,31730
2026-03-09 09:30:00,0.0,0.0,-74.0,31783,31804
2026-03-09 10:00:00,0.0,0.0,126.0,31656,31678
2026-03-09 10:30:00,0.0,0.0,-172.0,31830,31850
2026-03-09 11:00:00,0.0,0.0,-141.0,31972,31991
2026-03-09 11:30:00,0.0,0.0,-8.0,31980,31999
2026-03-09 12:00:00,0.0,0.0,36.0,31944,31963
2026-03-09 12:30:00,0.0,0.0,-106.0,32050,32069
2026-03-09 13:00:00,0.0,0.0,64.0,31986,32005
2026-03-09 13:30:00,0.0,0.0,-238.0,32226,32243
2026-03-09 14:00:00,0.0,0.0,203.0,32021,32040
2026-03-09 15:30:00,0.0,0.0,-224.0,32247,32264
2026-03-09 16:00:00,0.0,0.0,49.0,32197,32215
2026-03-09 16:30:00,0.0,0.0,5.0,32192,32210
2026-03-09 17:00:00,0.0,0.0,-56.0,32249,32266
2026-03-09 17:30:00,0.0,-2.0,-311.0,32560,32575
2026-03-09 18:00:00,0.0,-25.0,0.0,32535,32550
2026-03-09 18:30:00,0.0,-175.0,0.0,32359,32375
2026-03-09 19:00:00,0.0,14.0,0.0,32373,32389
2026-03-09 19:30:00,0.0,-15.0,0.0,32358,32374
2026-03-09 20:00:00,0.0,66.0,0.0,32424,32440
2026-03-09 20:30:00,0.0,109.0,0.0,32534,32549
2026-03-09 21:00:00,0.0,-73.0,0.0,32460,32476
2026-03-09 21:30:00,0.0,84.0,0.0,32545,32560
2026-03-09 22:00:00,0.0,-78.0,0.0,32466,32482
2026-03-09 22:30:00,0.0,-27.0,0.0,32439,32455
2026-03-09 23:00:00,0.0,208.0,0.0,32649,32663
2026-03-09 23:30:00,0.0,186.0,0.0,32836,32849
2026-03-10 00:00:00,0.0,-13.0,0.0,32823,32836
2026-03-10 00:30:00,0.0,120.0,0.0,32944,32956
2026-03-10 01:00:00,0.0,52.0,0.0,32996,33008
2026-03-10 01:30:00,0.0,-176.0,0.0,32819,32832
2026-03-10 02:00:00,0.0,70.0,0.0,32890,32902
2026-03-10 02:30:00,0.0,97.0,0.0,32987,32999
2026-03-10 03:00:00,0.0,-75.0,0.0,32912,32924
2026-03-10 03:30:00,0.0,620.0,0.0,33536,33544
2026-03-10 04:00:00,0.0,-8.0,0.0,33528,33536
2026-03-10 04:30:00,-2.0,-13.0,0.0,33515,33523
2026-03-10 05:00:00,145.0,145.0,0.0,33661,33668
2026-03-10 09:00:00,-382.0,-382.0,0.0,33276,33286
2026-03-10 09:30:00,-11.0,-11.0,0.0,33265,33275
2026-03-10 10:00:00,189.0,189.0,0.0,33456,33464
2026-03-10 10:30:00,-62.0,-62.0,0.0,33393,33402
2026-03-10 11:00:00,-342.0,-340.0,0.0,33051,33062
2026-03-10 11:30:00,0.0,-172.0,-2.0,32879,32892
2026-03-10 12:00:00,0.0,0.0,143.0,32735,32749
2026-03-10 12:30:00,0.0,0.0,-173.0,32910,32922
2026-03-10 13:00:00,0.0,0.0,-3.0,32913,32925
2026-03-10 13:30:00,0.0,0.0,-94.0,33007,33019
2026-03-10 14:00:00,0.0,0.0,69.0,32938,32950
2026-03-10 15:30:00,0.0,0.0,-367.0,33308,33317
2026-03-10 16:00:00,0.0,0.0,-116.0,33424,33433
2026-03-10 16:30:00,0.0,-2.0,-81.0,33504,33512
2026-03-10 17:00:00,0.0,-61.0,0.0,33443,33451
2026-03-10 17:30:00,0.0,51.0,0.0,33494,33502
2026-03-10 18:00:00,0.0,-81.0,0.0,33412,33421
2026-03-10 18:30:00,0.0,21.0,0.0,33434,33442
2026-03-10 19:00:00,0.0,-100.0,0.0,33333,33342
2026-03-10 19:30:00,0.0,-37.0,0.0,33296,33305
2026-03-10 20:00:00,0.0,-148.0,0.0,33146,33157
2026-03-10 20:30:00,0.0,-59.0,0.0,33087,33098
2026-03-10 21:00:00,0.0,104.0,0.0,33192,33202
2026-03-10 21:30:00,0.0,31.0,0.0,33223,33233
2026-03-10 22:00:00,0.0,-84.0,0.0,33138,33149
2026-03-10 22:30:00,0.0,192.0,0.0,33332,33341
2026-03-10 23:00:00,0.0,245.0,0.0,33579,33586
2026-03-10 23:30:00,0.0,-17.0,0.0,33561,33569
2026-03-11 00:00:00,0.0,14.0,0.0,33576,33583
2026-03-11 00:30:00,0.0,-86.0,0.0,33489,33497
2026-03-11 01:00:00,0.0,82.0,0.0,33572,33579
2026-03-11 01:30:00,0.0,164.0,0.0,33737,33743
2026-03-11 02:00:00,-2.0,-38.0,0.0,33698,33705
2026-03-11 02:30:00,-281.0,-281.0,0.0,33415,33424
2026-03-11 03:00:00,-81.0,-81.0,0.0,33334,33343
2026-03-11 03:30:00,-39.0,-39.0,0.0,33295,33304
2026-03-11 04:00:00,-11.0,-9.0,0.0,33285,33295
2026-03-11 04:30:00,0.0,62.0,0.0,33348,33357
2026-03-11 05:00:00,0.0,2.0,0.0,33350,33359
2026-03-11 09:00:00,0.0,260.0,0.0,33612,33619
2026-03-11 09:30:00,0.0,263.0,0.0,33877,33882
2026-03-11 10:00:00,-2.0,55.0,0.0,33932,33937
2026-03-11 10:30:00,126.0,126.0,0.0,34059,34063
2026-03-11 11:00:00,134.0,134.0,0.0,34194,34197
2026-03-11 11:30:00,51.0,51.0,0.0,34246,34248
2026-03-11 12:00:00,156.0,156.0,0.0,34403,34404
2026-03-11 12:30:00,-10.0,-10.0,0.0,34393,34394
2026-03-11 13:00:00,-14.0,-14.0,0.0,34378,34380
2026-03-11 13:30:00,-76.0,-76.0,0.0,34302,34304
2026-03-11 14:00:00,-65.0,-65.0,0.0,34236,34239
2026-03-11 15:30:00,-196.0,-194.0,0.0,34041,34045
2026-03-11 16:00:00,0.0,-19.0,0.0,34022,34026
2026-03-11 16:30:00,0.0,0.0,0.0,34022,34026
2026-03-11 17:00:00,0.0,-71.0,0.0,33950,33955
2026-03-11 17:30:00,0.0,-144.0,-2.0,33807,33813
2026-03-11 18:00:00,0.0,0.0,21.0,33786,33792
2026-03-11 18:30:00,0.0,-2.0,-205.0,33991,33995
2026-03-11 19:00:00,0.0,74.0,0.0,34065,34069
2026-03-11 19:30:00,0.0,-153.0,0.0,33911,33916
2026-03-11 20:00:00,0.0,-39.0,0.0,33872,33877
2026-03-11 20:30:00,0.0,124.0,0.0,33997,34001
2026-03-11 21:00:00,0.0,-136.0,0.0,33860,33865
2026-03-11 21:30:00,0.0,95.0,0.0,33955,33960
2026-03-11 22:00:00,0.0,112.0,0.0,34068,34072
2026-03-11 22:30:00,0.0,12.0,0.0,34080,34084
2026-03-11 23:00:00,0.0,144.0,0.0,34225,34228
2026-03-11 23:30:00,0.0,-230.0,0.0,33994,33998
2026-03-12 00:00:00,0.0,-46.0,0.0,33947,33952
2026-03-12 00:30:00,0.0,21.0,0.0,33968,33973
2026-03-12 01:00:00,0.0,109.0,0.0,34078,34082
2026-03-12 01:30:00,0.0,-15.0,0.0,34063,34067
2026-03-12 02:00:00,0.0,-110.0,0.0,33952,33957
2026-03-12 02:30:00,0.0,-20.0,0.0,33932,33937
2026-03-12 03:00:00,0.0,27.0,0.0,33959,33964
2026-03-12 03:30:00,0.0,12.0,0.0,33971,33976
2026-03-12 04:00:00,0.0,79.0,0.0,34051,34055
2026-03-12 04:30:00,0.0,-19.0,0.0,34032,34036
2026-03-12 05:00:00,0.0,-75.0,0.0,33956,33961
2026-03-12 09:00:00,0.0,-102.0,0.0,33854,33859
2026-03-12 09:30:00,0.0,208.0,0.0,34063,34067
2026-03-12 10:00:00,0.0,-101.0,0.0,33961,33966
2026-03-12 10:30:00,0.0,-104.0,0.0,33857,33862
2026-03-12 11:00:00,0.0,-162.0,-2.0,33695,33702
2026-03-12 11:30:00,0.0,0.0,-48.0,33744,33750
2026-03-12 12:00:00,0.0,0.0,-12.0,33756,33762
2026-03-12 12:30:00,0.0,0.0,-62.0,33818,33824
2026-03-12 13:00:00,0.0,0.0,141.0,33676,33683
2026-03-12 13:30:00,0.0,0.0,-49.0,33726,33732
2026-03-12 14:00:00,0.0,0.0,-52.0,33778,33784
2026-03-12 15:30:00,0.0,0.0,-176.0,33955,33960
2026-03-12 16:00:00,0.0,0.0,-17.0,33972,33977
2026-03-12 16:30:00,0.0,0.0,58.0,33914,33919
2026-03-12 17:00:00,-2.0,0.0,-31.0,33945,33950
2026-03-12 17:30:00,-32.0,0.0,32.0,33913,33918
2026-03-12 18:00:00,158.0,0.0,-158.0,34072,34076
2026-03-12 18:30:00,-47.0,0.0,47.0,34025,34029
2026-03-12 19:00:00,-7.0,0.0,7.0,34018,34022
2026-03-12 19:30:00,7.0,0.0,-7.0,34025,34029
2026-03-12 20:00:00,-79.0,0.0,79.0,33945,33950
2026-03-12 20:30:00,-5.0,0.0,5.0,33940,33945
2026-03-12 21:00:00,-64.0,0.0,62.0,33878,33883
2026-03-12 21:30:00,0.0,0.0,239.0,33637,33644
2026-03-12 22:00:00,0.0,0.0,359.0,33275,33285
2026-03-12 22:30:00,0.0,0.0,231.0,33043,33054
2026-03-12 23:00:00,0.0,0.0,67.0,32975,32987
2026-03-12 23:30:00,0.0,0.0,-9.0,32984,32996
2026-03-13 00:00:00,0.0,0.0,-52.0,33037,33048
2026-03-13 00:30:00,0.0,0.0,61.0,32975,32987
2026-03-13 01:00:00,0.0,0.0,-24.0,32999,33011
2026-03-13 01:30:00,0.0,0.0,34.0,32965,32977
2026-03-13 02:00:00,0.0,0.0,45.0,32920,32932
2026-03-13 02:30:00,0.0,0.0,-4.0,32924,32936
2026-03-13 03:00:00,0.0,0.0,94.0,32829,32842
2026-03-13 03:30:00,0.0,0.0,-120.0,32950,32962
2026-03-13 04:00:00,0.0,0.0,115.0,32834,32847
2026-03-13 04:30:00,0.0,0.0,57.0,32777,32790
2026-03-13 05:00:00,0.0,0.0,94.0,32682,32696
2026-03-13 05:30:00,0.0,0.0,0.0,32682,32696
2026-03-13 09:00:00,0.0,0.0,-428.0,33113,33124
2026-03-13 09:30:00,0.0,-2.0,-328.0,33442,33450
2026-03-13 10:00:00,0.0,116.0,0.0,33558,33566
2026-03-13 10:30:00,0.0,-78.0,0.0,33480,33488
2026-03-13 11:00:00,0.0,91.0,0.0,33572,33579
2026-03-13 11:30:00,0.0,-20.0,0.0,33551,33559
2026-03-13 12:00:00,0.0,48.0,0.0,33600,33607
2026-03-13 12:30:00,0.0,-177.0,0.0,33421,33430
2026-03-13 13:00:00,0.0,86.0,0.0,33508,33516
2026-03-13 13:30:00,0.0,44.0,0.0,33552,33560
2026-03-13 14:00:00,0.0,9.0,0.0,33561,33569
2026-03-13 15:30:00,0.0,-415.0,0.0,33143,33154
2026-03-13 16:00:00,0.0,-67.0,-2.0,33078,33089
2026-03-13 16:30:00,0.0,0.0,90.0,32987,32999
2026-03-13 17:00:00,0.0,0.0,-189.0,33178,33188
2026-03-13 17:30:00,0.0,0.0,-20.0,33198,33208
2026-03-13 18:00:00,0.0,0.0,-17.0,33215,33225
2026-03-13 18:30:00,0.0,-2.0,-143.0,33357,33366
2026-03-13 19:00:00,0.0,128.0,0.0,33486,33494
2026-03-13 19:30:00,0.0,-42.0,0.0,33444,33452
2026-03-13 20:00:00,0.0,34.0,0.0,33478,33486
2026-03-13 20:30:00,0.0,-28.0,0.0,33450,33458
2026-03-13 21:00:00,0.0,201.0,0.0,33652,33659
2026-03-13 21:30:00,0.0,24.0,0.0,33676,33683
2026-03-13 22:00:00,0.0,51.0,0.0,33728,33734
2026-03-13 22:30:00,0.0,-154.0,0.0,33573,33580
2026-03-13 23:00:00,0.0,-298.0,0.0,33272,33282
2026-03-13 23:30:00,0.0,53.0,0.0,33326,33335
2026-03-14 00:00:00,0.0,-173.0,-2.0,33153,33164
2026-03-14 00:30:00,0.0,0.0,-52.0,33206,33216
2026-03-14 01:00:00,0.0,0.0,31.0,33175,33185
2026-03-14 01:30:00,0.0,0.0,-100.0,33275,33285
2026-03-14 02:00:00,0.0,0.0,179.0,33095,33106
2026-03-14 02:30:00,0.0,0.0,-46.0,33141,33152
2026-03-14 03:00:00,0.0,0.0,-82.0,33224,33234
2026-03-14 03:30:00,0.0,0.0,145.0,33078,33089
2026-03-14 04:00:00,0.0,0.0,-108.0,33187,33197
2026-03-14 04:30:00,0.0,0.0,65.0,33121,33132
2026-03-14 05:00:00,0.0,0.0,63.0,33058,33069
2026-03-16 09:00:00,0.0,-2.0,-768.0,33829,33835
2026-03-16 09:30:00,0.0,-430.0,0.0,33396,33405
2026-03-16 10:00:00,0.0,273.0,0.0,33671,33678
2026-03-16 10:30:00,0.0,-68.0,0.0,33603,33610
2026-03-16 11:00:00,0.0,-79.0,0.0,33523,33531
2026-03-16 11:30:00,0.0,87.0,0.0,33611,33618
2026-03-16 12:00:00,0.0,101.0,0.0,33713,33719
2026-03-16 12:30:00,0.0,-48.0,0.0,33664,33671
2026-03-16 13:00:00,0.0,-164.0,0.0,33499,33507
2026-03-16 13:30:00,0.0,10.0,0.0,33509,33517
2026-03-16 14:00:00,0.0,-13.0,0.0,33496,33504
2026-03-16 15:30:00,0.0,-93.0,0.0,33402,33411
2026-03-16 16:00:00,0.0,48.0,0.0,33451,33459
2026-03-16 16:30:00,0.0,34.0,0.0,33485,33493
2026-03-16 17:00:00,0.0,32.0,0.0,33517,33525
2026-03-16 17:30:00,0.0,-3.0,0.0,33514,33522
2026-03-16 18:00:00,0.0,-22.0,0.0,33492,33500
2026-03-16 18:30:00,0.0,130.0,0.0,33623,33630
2026-03-16 19:00:00,-2.0,78.0,0.0,33702,33708
2026-03-16 19:30:00,-55.0,-55.0,0.0,33646,33653
2026-03-16 20:00:00,66.0,66.0,0.0,33713,33719
2026-03-16 20:30:00,122.0,122.0,0.0,33835,33841
2026-03-16 21:00:00,-17.0,-17.0,0.0,33818,33824
2026-03-16 21:30:00,-38.0,-38.0,0.0,33780,33786
2026-03-16 22:00:00,261.0,261.0,0.0,34043,34047
2026-03-16 22:30:00,-84.0,-84.0,0.0,33958,33963
2026-03-16 23:00:00,23.0,23.0,0.0,33982,33986
2026-03-16 23:30:00,-4.0,-4.0,0.0,33978,33982
2026-03-17 00:00:00,-88.0,-88.0,0.0,33889,33894
2026-03-17 00:30:00,-47.0,-47.0,0.0,33842,33847
2026-03-17 01:00:00,33.0,33.0,0.0,33875,33880
2026-03-17 01:30:00,44.0,44.0,0.0,33919,33924
2026-03-17 02:00:00,-30.0,-30.0,0.0,33889,33894
2026-03-17 02:30:00,94.0,94.0,0.0,33984,33988
2026-03-17 03:00:00,-30.0,-30.0,0.0,33953,33958
2026-03-17 03:30:00,-49.0,-49.0,0.0,33904,33909
2026-03-17 04:00:00,65.0,65.0,0.0,33969,33974
2026-03-17 04:30:00,-40.0,-40.0,0.0,33929,33934
2026-03-17 05:00:00,5.0,5.0,0.0,33934,33939
2026-03-17 09:00:00,-39.0,-39.0,0.0,33895,33900
2026-03-17 09:30:00,186.0,186.0,0.0,34082,34086
2026-03-17 10:00:00,99.0,99.0,0.0,34182,34185
2026-03-17 10:30:00,-67.0,-67.0,0.0,34115,34118
2026-03-17 11:00:00,-159.0,-159.0,0.0,33954,33959
2026-03-17 11:30:00,147.0,147.0,0.0,34102,34106
2026-03-17 12:00:00,-89.0,-89.0,0.0,34013,34017
2026-03-17 12:30:00,4.0,4.0,0.0,34017,34021
2026-03-17 13:00:00,42.0,42.0,0.0,34059,34063
2026-03-17 13:30:00,-5.0,-5.0,0.0,34054,34058
2026-03-17 14:00:00,-9.0,-9.0,0.0,34045,34049
2026-03-17 15:30:00,-66.0,-66.0,0.0,33979,33983
2026-03-17 16:00:00,-11.0,-11.0,0.0,33967,33972
2026-03-17 16:30:00,-67.0,-65.0,0.0,33902,33907
2026-03-17 17:00:00,0.0,35.0,0.0,33937,33942
2026-03-17 17:30:00,0.0,106.0,0.0,34044,34048
2026-03-17 18:00:00,0.0,30.0,0.0,34074,34078
2026-03-17 18:30:00,0.0,-66.0,0.0,34008,34012
2026-03-17 19:00:00,0.0,31.0,0.0,34039,34043
2026-03-17 19:30:00,0.0,21.0,0.0,34060,34064
2026-03-17 20:00:00,0.0,-26.0,0.0,34034,34038
2026-03-17 20:30:00,0.0,176.0,0.0,34211,34214
2026-03-17 21:00:00,0.0,35.0,0.0,34247,34249
2026-03-17 21:30:00,0.0,114.0,0.0,34361,34363
2026-03-17 22:00:00,-2.0,38.0,0.0,34400,34401
2026-03-17 22:30:00,-59.0,-59.0,0.0,34340,34342
2026-03-17 23:00:00,124.0,124.0,0.0,34465,34466
2026-03-17 23:30:00,-198.0,-198.0,0.0,34266,34268
2026-03-18 00:00:00,2.0,2.0,0.0,34268,34270
2026-03-18 00:30:00,93.0,93.0,0.0,34361,34363
2026-03-18 01:00:00,-44.0,-44.0,0.0,34317,34319
2026-03-18 01:30:00,25.0,25.0,0.0,34342,34344
2026-03-18 02:00:00,50.0,50.0,0.0,34393,34394
2026-03-18 02:30:00,-54.0,-54.0,0.0,34338,34340
2026-03-18 03:00:00,-3.0,-3.0,0.0,34335,34337
2026-03-18 03:30:00,14.0,14.0,0.0,34349,34351
2026-03-18 04:00:00,30.0,30.0,0.0,34379,34381
2026-03-18 04:30:00,-28.0,-28.0,0.0,34351,34353
2026-03-18 05:00:00,2.0,2.0,0.0,34353,34355
2026-03-18 09:00:00,239.0,239.0,0.0,34594,34594
2026-03-18 09:30:00,-134.0,-134.0,0.0,34459,34460
2026-03-18 10:00:00,122.0,122.0,0.0,34582,34582
2026-03-18 10:30:00,-118.0,-118.0,0.0,34463,34464
2026-03-18 11:00:00,77.0,77.0,0.0,34541,34541
2026-03-18 11:30:00,41.0,41.0,0.0,34582,34582
2026-03-18 12:00:00,26.0,26.0,0.0,34608,34608
2026-03-18 12:30:00,-48.0,-48.0,0.0,34560,34560
2026-03-18 13:00:00,-90.0,-90.0,0.0,34469,34470
2026-03-18 13:30:00,47.0,47.0,0.0,34517,34517
2026-03-18 14:00:00,34.0,34.0,0.0,34551,34551
2026-03-18 15:30:00,123.0,123.0,0.0,34674,34674
2026-03-18 16:00:00,-78.0,-78.0,0.0,34596,34596
2026-03-18 16:30:00,-55.0,-55.0,0.0,34541,34541
2026-03-18 17:00:00,54.0,54.0,0.0,34595,34595
2026-03-18 17:30:00,22.0,22.0,0.0,34617,34617
2026-03-18 18:00:00,-48.0,-48.0,0.0,34569,34569
2026-03-18 18:30:00,32.0,32.0,0.0,34601,34601
2026-03-18 19:00:00,-33.0,-33.0,0.0,34568,34568
2026-03-18 19:30:00,-124.0,-124.0,0.0,34444,34444
2026-03-18 20:00:00,50.0,50.0,0.0,34494,34494
2026-03-18 20:30:00,-156.0,-156.0,-2.0,34340,34340
2026-03-18 21:00:00,0.0,0.0,300.0,34040,34040
2026-03-18 21:30:00,0.0,0.0,-147.0,34187,34187
2026-03-18 22:00:00,0.0,0.0,36.0,34151,34151
2026-03-18 22:30:00,0.0,0.0,174.0,33977,33977
2026-03-18 23:00:00,0.0,0.0,-85.0,34062,34062
2026-03-18 23:30:00,0.0,0.0,12.0,34050,34050
2026-03-19 00:00:00,0.0,0.0,-38.0,34088,34088
2026-03-19 00:30:00,0.0,0.0,37.0,34051,34051
2026-03-19 01:00:00,0.0,0.0,16.0,34035,34035
2026-03-19 01:30:00,0.0,0.0,23.0,34012,34012
2026-03-19 02:00:00,0.0,0.0,-71.0,34083,34083
2026-03-19 02:30:00,0.0,0.0,29.0,34054,34054
2026-03-19 03:00:00,0.0,0.0,179.0,33875,33875
2026-03-19 03:30:00,0.0,0.0,90.0,33785,33785
2026-03-19 04:00:00,0.0,0.0,67.0,33718,33718
2026-03-19 04:30:00,0.0,0.0,80.0,33638,33638
2026-03-19 05:00:00,0.0,0.0,-259.0,33897,33897
2026-03-19 09:00:00,0.0,0.0,-55.0,33952,33952
2026-03-19 09:30:00,0.0,0.0,78.0,33874,33874
2026-03-19 10:00:00,0.0,0.0,-115.0,33989,33989
2026-03-19 10:30:00,0.0,0.0,-35.0,34024,34024
2026-03-19 11:00:00,0.0,0.0,59.0,33965,33965
2026-03-19 11:30:00,0.0,0.0,24.0,33941,33941
2026-03-19 12:00:00,0.0,0.0,38.0,33903,33903
2026-03-19 12:30:00,0.0,0.0,151.0,33752,33752
2026-03-19 13:00:00,0.0,0.0,42.0,33710,33710
2026-03-19 13:30:00,0.0,0.0,46.0,33664,33664
2026-03-19 14:00:00,0.0,0.0,111.0,33553,33553
2026-03-19 15:30:00,0.0,0.0,55.0,33498,33498
2026-03-19 16:00:00,0.0,0.0,174.0,33324,33324
2026-03-19 16:30:00,0.0,0.0,72.0,33252,33252
2026-03-19 17:00:00,0.0,0.0,73.0,33179,33179
2026-03-19 17:30:00,0.0,0.0,128.0,33051,33051
2026-03-19 18:00:00,0.0,0.0,-325.0,33376,33376
2026-03-19 18:30:00,0.0,0.0,62.0,33314,33314
2026-03-19 19:00:00,0.0,0.0,33.0,33281,33281
2026-03-19 19:30:00,0.0,0.0,108.0,33173,33173
2026-03-19 20:00:00,0.0,0.0,-39.0,33212,33212
2026-03-19 20:30:00,0.0,0.0,128.0,33084,33084
2026-03-19 21:00:00,0.0,0.0,37.0,33047,33047
2026-03-19 21:30:00,0.0,0.0,110.0,32937,32937
2026-03-19 22:00:00,0.0,0.0,-197.0,33134,33134
2026-03-19 22:30:00,0.0,0.0,35.0,33099,33099
2026-03-19 23:00:00,0.0,0.0,-224.0,33323,33323
2026-03-19 23:30:00,0.0,0.0,32.0,33291,33291
2026-03-20 00:00:00,0.0,0.0,18.0,33273,33273
2026-03-20 00:30:00,0.0,0.0,-107.0,33380,33380
2026-03-20 01:00:00,0.0,0.0,90.0,33290,33290
2026-03-20 01:30:00,0.0,0.0,-17.0,33307,33307
2026-03-20 02:00:00,0.0,0.0,24.0,33283,33283
2026-03-20 02:30:00,0.0,0.0,-47.0,33330,33330
2026-03-20 03:00:00,0.0,0.0,-74.0,33404,33404
2026-03-20 03:30:00,0.0,-2.0,-258.0,33660,33660
2026-03-20 04:00:00,0.0,-14.0,0.0,33646,33646
2026-03-20 04:30:00,0.0,93.0,0.0,33739,33739
2026-03-20 05:00:00,0.0,43.0,0.0,33782,33782
2026-03-20 09:00:00,0.0,-17.0,0.0,33765,33765
2026-03-20 09:30:00,0.0,-167.0,0.0,33598,33598
2026-03-20 10:00:00,0.0,1.0,0.0,33599,33599
2026-03-20 10:30:00,0.0,77.0,0.0,33676,33676
2026-03-20 11:00:00,0.0,66.0,0.0,33742,33742
2026-03-20 11:30:00,0.0,-15.0,0.0,33727,33727
2026-03-20 12:00:00,0.0,-104.0,0.0,33623,33623
2026-03-20 12:30:00,0.0,-108.0,0.0,33515,33515
2026-03-20 13:00:00,0.0,83.0,0.0,33598,33598
2026-03-20 13:30:00,0.0,18.0,0.0,33616,33616
2026-03-20 14:00:00,0.0,-57.0,0.0,33559,33559
2026-03-20 15:30:00,0.0,-8.0,0.0,33551,33551
2026-03-20 16:00:00,0.0,110.0,0.0,33661,33661
2026-03-20 16:30:00,0.0,-30.0,0.0,33631,33631
2026-03-20 17:00:00,0.0,-34.0,0.0,33597,33597
2026-03-20 17:30:00,0.0,-175.0,0.0,33422,33422
2026-03-20 18:00:00,0.0,-135.0,0.0,33287,33287
2026-03-20 18:30:00,0.0,-119.0,-2.0,33170,33170
2026-03-20 19:00:00,0.0,0.0,-50.0,33220,33220
2026-03-20 19:30:00,0.0,0.0,-160.0,33380,33380
2026-03-20 20:00:00,0.0,0.0,3.0,33377,33377
2026-03-20 20:30:00,0.0,0.0,-81.0,33458,33458
2026-03-20 21:00:00,0.0,0.0,35.0,33423,33423
2026-03-20 21:30:00,0.0,0.0,96.0,33327,33327
2026-03-20 22:00:00,0.0,0.0,276.0,33051,33051
2026-03-20 22:30:00,0.0,0.0,117.0,32934,32934
2026-03-20 23:00:00,0.0,0.0,4.0,32930,32930
2026-03-20 23:30:00,0.0,0.0,0.0,32930,32930
2026-03-21 00:00:00,0.0,0.0,-40.0,32970,32970
2026-03-21 00:30:00,0.0,0.0,29.0,32941,32941
2026-03-21 01:00:00,0.0,0.0,61.0,32880,32880
2026-03-21 01:30:00,0.0,0.0,35.0,32845,32845
2026-03-21 02:00:00,0.0,0.0,-51.0,32896,32896
2026-03-21 02:30:00,0.0,0.0,143.0,32753,32753
2026-03-21 03:00:00,0.0,0.0,87.0,32666,32666
2026-03-21 03:30:00,0.0,0.0,46.0,32620,32620
2026-03-21 04:00:00,0.0,0.0,-79.0,32699,32699
2026-03-21 04:30:00,0.0,0.0,-12.0,32711,32711
2026-03-21 05:00:00,0.0,0.0,-26.0,32737,32737
2026-03-23 09:00:00,0.0,0.0,388.0,32349,32349
2026-03-23 09:30:00,0.0,0.0,-251.0,32600,32600
2026-03-23 10:00:00,0.0,0.0,-140.0,32740,32740
2026-03-23 10:30:00,0.0,0.0,-20.0,32760,32760
2026-03-23 11:00:00,0.0,0.0,181.0,32579,32579
2026-03-23 11:30:00,0.0,0.0,7.0,32572,32572
2026-03-23 12:00:00,0.0,0.0,50.0,32522,32522
2026-03-23 12:30:00,0.0,0.0,-100.0,32622,32622
2026-03-23 13:00:00,0.0,0.0,-11.0,32633,32633
2026-03-23 13:30:00,0.0,0.0,16.0,32617,32617
2026-03-23 14:00:00,0.0,0.0,85.0,32532,32532
2026-03-23 15:30:00,0.0,0.0,354.0,32178,32178
2026-03-23 16:00:00,0.0,0.0,-69.0,32247,32247
2026-03-23 16:30:00,0.0,0.0,-151.0,32398,32398
2026-03-23 17:00:00,0.0,0.0,-67.0,32465,32465
2026-03-23 17:30:00,0.0,0.0,-32.0,32497,32497
2026-03-23 18:00:00,0.0,0.0,105.0,32392,32392
2026-03-23 18:30:00,0.0,0.0,99.0,32293,32293
2026-03-23 19:00:00,0.0,0.0,-75.0,32368,32368
2026-03-23 19:30:00,0.0,-2.0,-1163.0,33529,33529
2026-03-23 20:00:00,0.0,-396.0,0.0,33133,33133
2026-03-23 20:30:00,0.0,216.0,0.0,33349,33349
2026-03-23 21:00:00,-2.0,182.0,0.0,33531,33531
2026-03-23 21:30:00,-179.0,-179.0,0.0,33352,33352
2026-03-23 22:00:00,278.0,278.0,0.0,33630,33630
2026-03-23 22:30:00,53.0,53.0,0.0,33683,33683
2026-03-23 23:00:00,-40.0,-40.0,0.0,33643,33643
2026-03-23 23:30:00,12.0,12.0,0.0,33655,33655
2026-03-24 00:00:00,-395.0,-395.0,0.0,33260,33260
2026-03-24 00:30:00,-144.0,-144.0,0.0,33116,33116
2026-03-24 01:00:00,206.0,206.0,0.0,33322,33322
2026-03-24 01:30:00,70.0,70.0,0.0,33392,33392
2026-03-24 02:00:00,116.0,116.0,0.0,33508,33508
2026-03-24 02:30:00,-5.0,-5.0,0.0,33503,33503
2026-03-24 03:00:00,95.0,95.0,0.0,33598,33598
2026-03-24 03:30:00,-8.0,-8.0,0.0,33590,33590
2026-03-24 04:00:00,19.0,19.0,0.0,33609,33609
2026-03-24 04:30:00,-92.0,-92.0,0.0,33517,33517
2026-03-24 05:00:00,101.0,101.0,0.0,33618,33618
2026-03-24 09:00:00,-303.0,-303.0,0.0,33315,33315
2026-03-24 09:30:00,-382.0,-382.0,-2.0,32935,32935
2026-03-24 10:00:00,0.0,0.0,263.0,32672,32672
2026-03-24 10:30:00,0.0,0.0,-127.0,32799,32799
2026-03-24 11:00:00,0.0,0.0,110.0,32689,32689
2026-03-24 11:30:00,0.0,0.0,-105.0,32794,32794
2026-03-24 12:00:00,0.0,0.0,-59.0,32853,32853
2026-03-24 12:30:00,0.0,0.0,-64.0,32917,32917
2026-03-24 13:00:00,0.0,0.0,27.0,32890,32890
2026-03-24 13:30:00,0.0,0.0,272.0,32618,32618
2026-03-24 14:00:00,0.0,0.0,-153.0,32771,32771
2026-03-24 15:30:00,0.0,0.0,-475.0,33246,33246
2026-03-24 16:00:00,0.0,-2.0,-5.0,33249,33249
2026-03-24 16:30:00,0.0,-100.0,0.0,33149,33149
2026-03-24 17:00:00,0.0,-37.0,0.0,33112,33112
2026-03-24 17:30:00,0.0,-73.0,0.0,33039,33039
2026-03-24 18:00:00,0.0,180.0,0.0,33219,33219
2026-03-24 18:30:00,0.0,-98.0,0.0,33121,33121
2026-03-24 19:00:00,0.0,51.0,0.0,33172,33172
2026-03-24 19:30:00,0.0,-12.0,0.0,33160,33160
2026-03-24 20:00:00,0.0,-7.0,0.0,33153,33153
2026-03-24 20:30:00,-2.0,-54.0,0.0,33099,33099
2026-03-24 21:00:00,-196.0,-194.0,0.0,32905,32905
2026-03-24 21:30:00,0.0,-38.0,0.0,32867,32867
2026-03-24 22:00:00,0.0,129.0,0.0,32996,32996
2026-03-24 22:30:00,0.0,-15.0,0.0,32981,32981
2026-03-24 23:00:00,0.0,99.0,0.0,33080,33080
2026-03-24 23:30:00,0.0,201.0,0.0,33281,33281
2026-03-25 00:00:00,-2.0,-100.0,0.0,33181,33181
2026-03-25 00:30:00,74.0,74.0,0.0,33255,33255
2026-03-25 01:00:00,-40.0,-40.0,0.0,33215,33215
2026-03-25 01:30:00,-122.0,-122.0,0.0,33093,33093
2026-03-25 02:00:00,89.0,89.0,0.0,33182,33182
2026-03-25 02:30:00,6.0,6.0,0.0,33188,33188
2026-03-25 03:00:00,60.0,60.0,0.0,33248,33248
2026-03-25 03:30:00,-12.0,-12.0,0.0,33236,33236
2026-03-25 04:00:00,-93.0,-93.0,0.0,33143,33143
2026-03-25 04:30:00,275.0,275.0,0.0,33418,33418
2026-03-25 05:00:00,41.0,41.0,0.0,33459,33459
2026-03-25 09:00:00,286.0,286.0,0.0,33745,33745
2026-03-25 09:30:00,-84.0,-84.0,0.0,33661,33661
2026-03-25 10:00:00,72.0,72.0,0.0,33733,33733
2026-03-25 10:30:00,-129.0,-129.0,0.0,33604,33604
2026-03-25 11:00:00,-136.0,-136.0,0.0,33468,33468
2026-03-25 11:30:00,27.0,27.0,0.0,33495,33495
2026-03-25 12:00:00,115.0,115.0,0.0,33610,33610
2026-03-25 12:30:00,118.0,118.0,0.0,33728,33728
2026-03-25 13:00:00,-66.0,-66.0,0.0,33662,33662
2026-03-25 13:30:00,-88.0,-88.0,0.0,33574,33574
2026-03-25 14:00:00,64.0,64.0,0.0,33638,33638
2026-03-25 15:30:00,-39.0,-39.0,0.0,33599,33599
2026-03-25 16:00:00,76.0,76.0,0.0,33675,33675
2026-03-25 16:30:00,196.0,196.0,0.0,33871,33871
2026-03-25 17:00:00,-87.0,-87.0,0.0,33784,33784
2026-03-25 17:30:00,-28.0,-28.0,0.0,33756,33756
2026-03-25 18:00:00,36.0,36.0,0.0,33792,33792
2026-03-25 18:30:00,-43.0,-43.0,0.0,33749,33749
2026-03-25 19:00:00,39.0,39.0,0.0,33788,33788
2026-03-25 19:30:00,43.0,43.0,0.0,33831,33831
2026-03-25 20:00:00,-20.0,-20.0,0.0,33811,33811
2026-03-25 20:30:00,-114.0,-114.0,0.0,33697,33697
2026-03-25 21:00:00,-19.0,-19.0,0.0,33678,33678
2026-03-25 21:30:00,-21.0,-21.0,0.0,33657,33657
2026-03-25 22:00:00,-96.0,-94.0,0.0,33563,33563
2026-03-25 22:30:00,0.0,221.0,0.0,33784,33784
2026-03-25 23:00:00,0.0,-13.0,0.0,33771,33771
2026-03-25 23:30:00,0.0,-19.0,0.0,33752,33752
2026-03-26 00:00:00,0.0,-64.0,0.0,33688,33688
2026-03-26 00:30:00,0.0,86.0,0.0,33774,33774
2026-03-26 01:00:00,0.0,-5.0,0.0,33769,33769
2026-03-26 01:30:00,0.0,27.0,0.0,33796,33796
2026-03-26 02:00:00,0.0,-3.0,0.0,33793,33793
2026-03-26 02:30:00,0.0,25.0,0.0,33818,33818
2026-03-26 03:00:00,0.0,-58.0,0.0,33760,33760
2026-03-26 03:30:00,0.0,0.0,0.0,33760,33760
2026-03-26 04:00:00,0.0,24.0,0.0,33784,33784
2026-03-26 04:30:00,0.0,7.0,0.0,33791,33791
2026-03-26 05:00:00,0.0,9.0,0.0,33800,33800
2026-03-26 09:00:00,0.0,-64.0,0.0,33736,33736
2026-03-26 09:30:00,0.0,113.0,0.0,33849,33849
2026-03-26 10:00:00,0.0,102.0,0.0,33951,33951
2026-03-26 10:30:00,0.0,-412.0,0.0,33539,33539
2026-03-26 11:00:00,0.0,-2.0,0.0,33537,33537
2026-03-26 11:30:00,0.0,73.0,0.0,33610,33610
2026-03-26 12:00:00,0.0,49.0,0.0,33659,33659
2026-03-26 12:30:00,0.0,5.0,0.0,33664,33664
2026-03-26 13:00:00,0.0,-121.0,0.0,33543,33543
2026-03-26 13:30:00,0.0,-146.0,-2.0,33399,33399
2026-03-26 14:00:00,0.0,0.0,-41.0,33440,33440
2026-03-26 15:30:00,0.0,0.0,-56.0,33496,33496
2026-03-26 16:00:00,0.0,0.0,44.0,33452,33452
2026-03-26 16:30:00,0.0,0.0,140.0,33312,33312
2026-03-26 17:00:00,0.0,0.0,-69.0,33381,33381
2026-03-26 17:30:00,0.0,0.0,93.0,33288,33288
2026-03-26 18:00:00,0.0,0.0,-39.0,33327,33327
2026-03-26 18:30:00,0.0,0.0,-45.0,33372,33372
2026-03-26 19:00:00,0.0,0.0,32.0,33340,33340
2026-03-26 19:30:00,0.0,0.0,114.0,33226,33226
2026-03-26 20:00:00,0.0,0.0,69.0,33157,33157
2026-03-26 20:30:00,0.0,0.0,-69.0,33226,33226
2026-03-26 21:00:00,0.0,0.0,41.0,33185,33185
2026-03-26 21:30:00,0.0,0.0,-15.0,33200,33200
2026-03-26 22:00:00,0.0,0.0,-47.0,33247,33247
2026-03-26 22:30:00,0.0,0.0,45.0,33202,33202
2026-03-26 23:00:00,0.0,0.0,144.0,33058,33058
2026-03-26 23:30:00,0.0,0.0,14.0,33044,33044
2026-03-27 00:00:00,0.0,0.0,-6.0,33050,33050
2026-03-27 00:30:00,0.0,0.0,114.0,32936,32936
2026-03-27 01:00:00,0.0,0.0,57.0,32879,32879
2026-03-27 01:30:00,0.0,0.0,35.0,32844,32844
2026-03-27 02:00:00,0.0,0.0,103.0,32741,32741
2026-03-27 02:30:00,0.0,0.0,34.0,32707,32707
2026-03-27 03:00:00,0.0,0.0,-127.0,32834,32834
2026-03-27 03:30:00,0.0,0.0,84.0,32750,32750
2026-03-27 04:00:00,0.0,0.0,95.0,32655,32655
2026-03-27 04:30:00,0.0,0.0,-193.0,32848,32848
2026-03-27 05:00:00,0.0,0.0,41.0,32807,32807
2026-03-27 09:00:00,0.0,0.0,20.0,32787,32787
2026-03-27 09:30:00,0.0,0.0,-150.0,32937,32937
2026-03-27 10:00:00,0.0,0.0,32.0,32905,32905
2026-03-27 10:30:00,0.0,0.0,79.0,32826,32826
2026-03-27 11:00:00,0.0,0.0,-71.0,32897,32897
2026-03-27 11:30:00,0.0,0.0,-23.0,32920,32920
2026-03-27 12:00:00,0.0,0.0,-128.0,33048,33048
2026-03-27 12:30:00,0.0,0.0,48.0,33000,33000
2026-03-27 13:00:00,0.0,-2.0,-122.0,33120,33120
2026-03-27 13:30:00,0.0,63.0,0.0,33183,33183
2026-03-27 14:00:00,0.0,-63.0,0.0,33120,33120
2026-03-27 15:30:00,0.0,-192.0,0.0,32928,32928
2026-03-27 16:00:00,0.0,-14.0,0.0,32914,32914
2026-03-27 16:30:00,0.0,-130.0,0.0,32784,32784
2026-03-27 17:00:00,0.0,-29.0,-2.0,32757,32757
2026-03-27 17:30:00,0.0,0.0,2.0,32755,32755
2026-03-27 18:00:00,0.0,0.0,110.0,32645,32645
2026-03-27 18:30:00,0.0,0.0,-64.0,32709,32709
2026-03-27 19:00:00,0.0,0.0,213.0,32496,32496
2026-03-27 19:30:00,0.0,0.0,-39.0,32535,32535
2026-03-27 20:00:00,0.0,0.0,-21.0,32556,32556
2026-03-27 20:30:00,0.0,0.0,-19.0,32575,32575
2026-03-27 21:00:00,0.0,0.0,-8.0,32583,32583
2026-03-27 21:30:00,0.0,0.0,-2.0,32585,32585
2026-03-27 22:00:00,0.0,0.0,162.0,32423,32423
2026-03-27 22:30:00,0.0,0.0,-75.0,32498,32498
2026-03-27 23:00:00,0.0,0.0,-61.0,32559,32559
2026-03-27 23:30:00,0.0,0.0,-128.0,32687,32687
2026-03-28 00:00:00,0.0,0.0,83.0,32604,32604
2026-03-28 00:30:00,0.0,0.0,41.0,32563,32563
2026-03-28 01:00:00,0.0,0.0,-9.0,32572,32572
2026-03-28 01:30:00,0.0,0.0,120.0,32452,32452
2026-03-28 02:00:00,0.0,0.0,28.0,32424,32424
2026-03-28 02:30:00,0.0,0.0,-12.0,32436,32436
2026-03-28 03:00:00,0.0,0.0,1.0,32435,32435
2026-03-28 03:30:00,0.0,0.0,70.0,32365,32365
2026-03-28 04:00:00,0.0,0.0,-58.0,32423,32423
2026-03-28 04:30:00,0.0,0.0,96.0,32327,32327
2026-03-28 05:00:00,0.0,0.0,83.0,32244,32244
2026-03-30 09:00:00,0.0,0.0,-6.0,32250,32250
2026-03-30 09:30:00,0.0,0.0,-207.0,32457,32457
2026-03-30 10:00:00,0.0,0.0,10.0,32447,32447
2026-03-30 10:30:00,0.0,0.0,170.0,32277,32277
2026-03-30 11:00:00,0.0,0.0,-225.0,32502,32502
2026-03-30 11:30:00,0.0,0.0,-127.0,32629,32629
2026-03-30 12:00:00,0.0,0.0,16.0,32613,32613
2026-03-30 12:30:00,0.0,-2.0,-54.0,32665,32665
2026-03-30 13:00:00,0.0,-108.0,0.0,32557,32557
2026-03-30 13:30:00,0.0,-5.0,0.0,32552,32552
2026-03-30 14:00:00,0.0,-84.0,0.0,32468,32468
2026-03-30 15:30:00,0.0,65.0,0.0,32533,32533
2026-03-30 16:00:00,0.0,64.0,0.0,32597,32597
2026-03-30 16:30:00,0.0,15.0,0.0,32612,32612
2026-03-30 17:00:00,0.0,88.0,0.0,32700,32700
2026-03-30 17:30:00,0.0,-80.0,0.0,32620,32620
2026-03-30 18:00:00,0.0,0.0,0.0,32620,32620
2026-03-30 18:30:00,0.0,-10.0,0.0,32610,32610
2026-03-30 19:00:00,0.0,16.0,0.0,32626,32626
2026-03-30 19:30:00,0.0,171.0,0.0,32797,32797
2026-03-30 20:00:00,0.0,-79.0,0.0,32718,32718
2026-03-30 20:30:00,0.0,59.0,0.0,32777,32777
2026-03-30 21:00:00,0.0,20.0,0.0,32797,32797
2026-03-30 21:30:00,0.0,-36.0,0.0,32761,32761
2026-03-30 22:00:00,0.0,-425.0,-2.0,32338,32338
2026-03-30 22:30:00,0.0,0.0,-58.0,32396,32396
2026-03-30 23:00:00,0.0,0.0,-65.0,32461,32461
2026-03-30 23:30:00,0.0,0.0,89.0,32372,32372
2026-03-31 00:00:00,0.0,0.0,-76.0,32448,32448
2026-03-31 00:30:00,0.0,0.0,135.0,32313,32313
2026-03-31 01:00:00,0.0,0.0,-19.0,32332,32332
2026-03-31 01:30:00,0.0,0.0,234.0,32098,32098
2026-03-31 02:00:00,0.0,0.0,-15.0,32113,32113
2026-03-31 02:30:00,0.0,0.0,32.0,32081,32081
2026-03-31 03:00:00,0.0,0.0,92.0,31989,31989
2026-03-31 03:30:00,0.0,0.0,40.0,31949,31949
2026-03-31 04:00:00,0.0,0.0,-168.0,32117,32117
2026-03-31 04:30:00,0.0,0.0,65.0,32052,32052
2026-03-31 05:00:00,0.0,0.0,21.0,32031,32031
2026-03-31 09:00:00,0.0,0.0,-170.0,32201,32201
2026-03-31 09:30:00,0.0,0.0,-66.0,32267,32267
2026-03-31 10:00:00,0.0,0.0,-69.0,32336,32336
2026-03-31 10:30:00,0.0,0.0,107.0,32229,32229
2026-03-31 11:00:00,0.0,0.0,23.0,32206,32206
2026-03-31 11:30:00,0.0,0.0,95.0,32111,32111
2026-03-31 12:00:00,0.0,0.0,270.0,31841,31841
2026-03-31 12:30:00,0.0,0.0,11.0,31830,31830
2026-03-31 13:00:00,0.0,0.0,-75.0,31905,31905
2026-03-31 13:30:00,0.0,0.0,-20.0,31925,31925
2026-03-31 14:00:00,0.0,0.0,-54.0,31979,31979
2026-03-31 15:30:00,0.0,0.0,139.0,31840,31840
2026-03-31 16:00:00,0.0,0.0,-195.0,32035,32035
2026-03-31 16:30:00,0.0,0.0,62.0,31973,31973
2026-03-31 17:00:00,0.0,0.0,50.0,31923,31923
2026-03-31 17:30:00,0.0,0.0,-8.0,31931,31931
2026-03-31 18:00:00,0.0,0.0,22.0,31909,31909
2026-03-31 18:30:00,0.0,0.0,-29.0,31938,31938
2026-03-31 19:00:00,0.0,0.0,18.0,31920,31920
2026-03-31 19:30:00,0.0,0.0,-184.0,32104,32104
2026-03-31 20:00:00,0.0,0.0,5.0,32099,32099
2026-03-31 20:30:00,0.0,0.0,-43.0,32142,32142
2026-03-31 21:00:00,0.0,0.0,39.0,32103,32103
2026-03-31 21:30:00,0.0,0.0,-48.0,32151,32151
2026-03-31 22:00:00,0.0,-2.0,-241.0,32390,32390
2026-03-31 22:30:00,0.0,42.0,0.0,32432,32432
2026-03-31 23:00:00,0.0,-192.0,0.0,32240,32240
2026-03-31 23:30:00,0.0,78.0,0.0,32318,32318
2026-04-01 00:00:00,0.0,-44.0,0.0,32274,32274
2026-04-01 00:30:00,0.0,94.0,0.0,32368,32368
2026-04-01 01:00:00,0.0,444.0,0.0,32812,32812
2026-04-01 01:30:00,-2.0,62.0,0.0,32874,32874
2026-04-01 02:00:00,-26.0,-26.0,0.0,32848,32848
2026-04-01 02:30:00,68.0,68.0,0.0,32916,32916
2026-04-01 03:00:00,33.0,33.0,0.0,32949,32949
2026-04-01 03:30:00,51.0,51.0,0.0,33000,33000
2026-04-01 04:00:00,162.0,162.0,0.0,33162,33162
2026-04-01 04:30:00,-45.0,-45.0,0.0,33117,33117
2026-04-01 05:00:00,-33.0,-33.0,0.0,33084,33084
2026-04-01 09:00:00,72.0,72.0,0.0,33156,33156
2026-04-01 09:30:00,-3.0,-3.0,0.0,33153,33153
2026-04-01 10:00:00,50.0,50.0,0.0,33203,33203
2026-04-01 10:30:00,26.0,26.0,0.0,33229,33229
2026-04-01 11:00:00,43.0,43.0,0.0,33272,33272
2026-04-01 11:30:00,40.0,40.0,0.0,33312,33312
2026-04-01 12:00:00,-19.0,-19.0,0.0,33293,33293
2026-04-01 12:30:00,-9.0,-9.0,0.0,33284,33284
2026-04-01 13:00:00,61.0,61.0,0.0,33345,33345
2026-04-01 13:30:00,41.0,41.0,0.0,33386,33386
2026-04-01 14:00:00,16.0,16.0,0.0,33402,33402
2026-04-01 15:30:00,184.0,184.0,0.0,33586,33586
2026-04-01 16:00:00,-130.0,-130.0,0.0,33456,33456
2026-04-01 16:30:00,16.0,16.0,0.0,33472,33472
2026-04-01 17:00:00,-6.0,-6.0,0.0,33466,33466
2026-04-01 17:30:00,-94.0,-94.0,0.0,33372,33372
2026-04-01 18:00:00,61.0,61.0,0.0,33433,33433
2026-04-01 18:30:00,-4.0,-4.0,0.0,33429,33429
2026-04-01 19:00:00,92.0,92.0,0.0,33521,33521
2026-04-01 19:30:00,-8.0,-8.0,0.0,33513,33513
2026-04-01 20:00:00,27.0,27.0,0.0,33540,33540
2026-04-01 20:30:00,-78.0,-78.0,0.0,33462,33462
2026-04-01 21:00:00,-52.0,-52.0,0.0,33410,33410
2026-04-01 21:30:00,30.0,30.0,0.0,33440,33440
2026-04-01 22:00:00,81.0,81.0,0.0,33521,33521
2026-04-01 22:30:00,164.0,164.0,0.0,33685,33685
2026-04-01 23:00:00,79.0,79.0,0.0,33764,33764
2026-04-01 23:30:00,-15.0,-15.0,0.0,33749,33749
2026-04-02 00:00:00,66.0,66.0,0.0,33815,33815
2026-04-02 00:30:00,-35.0,-35.0,0.0,33780,33780
2026-04-02 01:00:00,61.0,61.0,0.0,33841,33841
2026-04-02 01:30:00,-6.0,-6.0,0.0,33835,33835
2026-04-02 02:00:00,-188.0,-188.0,0.0,33647,33647
2026-04-02 02:30:00,-161.0,-159.0,0.0,33488,33488
2026-04-02 03:00:00,0.0,24.0,0.0,33512,33512
2026-04-02 03:30:00,0.0,114.0,0.0,33626,33626
2026-04-02 04:00:00,0.0,-115.0,0.0,33511,33511
2026-04-02 04:30:00,0.0,12.0,0.0,33523,33523
2026-04-02 05:00:00,0.0,44.0,0.0,33567,33567
2026-04-02 09:00:00,0.0,79.0,0.0,33646,33646
2026-04-02 09:30:00,0.0,-541.0,-2.0,33107,33107
2026-04-02 10:00:00,0.0,0.0,177.0,32930,32930
